[
    {
        "importFilesToOrigRelpaths": {
            ".certora_internal/23_03_16_12_17_38_353/.certora_config/0_erc20.spec.spec": "spec/erc20.spec"
        },
        "primary_contract": "StakingRewardsHarness",
        "specfile": ".certora_internal/23_03_16_12_17_38_353/.certora_config/0_StakingRewards.spec.spec",
        "specfileOrigRelpath": "spec/StakingRewards.spec",
        "specfilesToImportDecls": {
            ".certora_internal/23_03_16_12_17_38_353/.certora_config/0_StakingRewards.spec.spec": [
                "./erc20.spec"
            ]
        },
        "type": "spec"
    }
]